Codigo,Descripcion,Costo,154-PUBLICO-%,154-PUBLICO-abs,155-CREDITO MAYORIZTA-%,155-CREDITO MAYORIZTA-abs,156-CREDITO DETALLE-%,156-CREDITO DETALLE-abs
ITT00000000,SERV. DE PRESTAMO DOL.,1,0,1,0,1,0,1
ITT00000001,SERV. DE PRESTAMO COR.,1,0,1,0,1,0,1
ITT00000002,SERV. DE PRESTAMO EUR.,1,0,1,0,1,0,1
ITT00000003,ACECLOFENACO 100MG 10T,1,0,250,0,240,0,230
ITT00000004,METROCLOPRAMIDASol Iny c/6,0,0,0,0,0,0,0
ITT00000005,ABOB+ACETAMINOFEN+FENILEFRINA+CLORFENAMINA12 TAB,0,0,0,0,0,0,0
ITT00000006,ABOB+CLORFENAMINA+DIPIRONA 3ML AMP,0,0,0,0,0,0,0
ITT00000007,ABOB+FENILEFRINA+CLORFENAMINA JBE 100ML,0,0,0,0,0,0,0
ITT00000008,ACARBOSA 50 MG C/30 TAB,0,0,0,0,0,0,0
ITT00000009,ACICLOVIR 200 MG C/25 CPR,0,0,0,0,0,0,0
ITT00000010,ACICLOVIR SUSP,0,0,0,0,0,0,0
ITT00000011,ACICLOVIR 400 MG C/35 CPR,0,0,0,0,0,0,0
ITT00000012,ACICLOVIR CRA 5 MG,0,0,0,0,0,0,0
ITT00000013,ACIDO ACETIL SALICILICO 500MG + CAFEINA 30MG 40T,0,0,0,0,0,0,0
ITT00000014,ACIDO ACETIL SALICILICO 500MG C/20 TAB,0,0,0,0,0,0,0
ITT00000015,ACIDO ACETILSALICILICO 100MG C/30 TAB,0,0,0,0,0,0,0
ITT00000016,ACIDO ACETILSALICILICO 300MG C/20 TAB EFERV,0,0,0,0,0,0,0
ITT00000017,ACIDO ALENDRONICO 10MG 30TAB,0,0,0,0,0,0,0
ITT00000018,ACIDO ALENDRONICO 70MG C/4 TAB,0,0,0,0,0,0,0
ITT00000019,ACIDO FOLICO+HIERRO+PROTEINAS SOYA 30T,0,0,0,0,0,0,0
ITT00000020,ACIDO FOLICO+HIERRO+VITAMINAS 40T,0,0,0,0,0,0,0
ITT00000021,ACIDO GLUTAMICO 600 MG C/100,0,0,0,0,0,0,0
ITT00000022,ACIDO MEFENAMICO 500MG C10 TAB,0,0,0,0,0,0,0
ITT00000023,ACIDO MEFENAMICO 500MG C20 TAB,0,0,0,0,0,0,0
ITT00000024,ACIDO NALIDIDIXICO+FENAZOPIRIDINA 20T,0,0,0,0,0,0,0
ITT00000025,ACIDO NALIDIXICO SUSP,0,0,0,0,0,0,0
ITT00000026,ACIDO NALIDIXICO TAB C20/500,0,0,0,0,0,0,0
ITT00000027,ACIDO RETINOICO CRA 0.050% 30GR,0,0,0,0,0,0,0
ITT00000028,ACIDO RISEDRONATO 35MG 4T,0,0,0,0,0,0,0
ITT00000029,AESCULUS HIPOCASTANUM T30,0,0,0,0,0,0,0
ITT00000030,ALBENDAZOL 200MG C/6 TAB,0,0,0,0,0,0,0
ITT00000031,ALBENDAZOL SUSP,0,0,0,0,0,0,0
ITT00000032,ALGESTONA+ESTRADIOL 1 AMP 1ML,0,0,0,0,0,0,0
ITT00000033,ALOPURINOL 300MG C/20 TAB,0,0,0,0,0,0,0
ITT00000034,ALUMINIO Y MAGENESIO+DICICLOVERINA+DIMETICONA 30T MAST,0,0,0,0,0,0,0
ITT00000035,ALUMUMINIO+MAGNESIO SUSP 240ML,0,0,0,0,0,0,0
ITT00000036,ALUMUMINIO+MAGNESIO+DIMETICONA SUSP 240ML,0,0,0,0,0,0,0
ITT00000037,AMANTADINA+CLORFENIRAMIDA+PARACETAMOL C/15TAB,0,0,0,0,0,0,0
ITT00000038,AMBROXOL GOTAS 30ML,0,0,0,0,0,0,0
ITT00000039,AMBROXOL C/20 TAB,0,0,0,0,0,0,0
ITT00000040,AMBROXOL SOL 120ML,0,0,0,0,0,0,0
ITT00000041,AMBROXOL+CLENBUTEROL GTS 20ML,0,0,0,0,0,0,0
ITT00000042,AMBROXOL+CLENBUTEROL SOL 120ML,0,0,0,0,0,0,0
ITT00000043,AMBROXOL+CLENBUTEROL C/20 TAB,0,0,0,0,0,0,0
ITT00000044,AMBROXOL+DEXTROMETORFANO 10 TAB,0,0,0,0,0,0,0
ITT00000045,AMBROXOL+LEVODROPROPIZINA 120ML,0,0,0,0,0,0,0
ITT00000046,AMBROXOL+OXELADINA SOL 120ML,0,0,0,0,0,0,0
ITT00000047,AMBROXOL+SALBUTAMOL 120ml,0,0,0,0,0,0,0
ITT00000048,AMBROXOL-LORATADINA JBE 120ML,0,0,0,0,0,0,0
ITT00000049,AMBROXOL-LORATADINA T10,0,0,0,0,0,0,0
ITT00000050,AMIKACINA 100MG AMP1,0,0,0,0,0,0,0
ITT00000051,AMIKACINA 500MG C/1 AMP,0,0,0,0,0,0,0
ITT00000052,AMIODARONA 200MG T20,0,0,0,0,0,0,0
ITT00000053,AMLODIPINO 5MG C/10 TAB,0,0,0,0,0,0,0
ITT00000054,AMLODIPINO 5MG C/30 TAB,0,0,0,0,0,0,0
ITT00000055,AMOXICIL+AMBROX 250 MG /15MG SUSP,0,0,0,0,0,0,0
ITT00000056,AMOXICILINA 250MG C12,0,0,0,0,0,0,0
ITT00000057,AMOXICILINA 250MG SUSP 75ML,0,0,0,0,0,0,0
ITT00000058,AMOXICILINA 500MG 12C,0,0,0,0,0,0,0
ITT00000059,AMOXICILINA 500MG/5ML SUSP,0,0,0,0,0,0,0
ITT00000060,AMOXICILINA 125 MG SUSP,0,0,0,0,0,0,0
ITT00000061,AMOXICILINA+AC CLAV 125/31.25MG SUSP,0,0,0,0,0,0,0
ITT00000062,AMOXICILINA+AC CLAV 200MG SUSP,0,0,0,0,0,0,0
ITT00000063,AMOXICILINA+AC CLAV 400 JR SUSP 60ML,0,0,0,0,0,0,0
ITT00000064,AMOXICILINA+AC CLAV 500MG C/10TAB,0,0,0,0,0,0,0
ITT00000065,AMOXICILINA+AMBROXOL C16 500MG,0,0,0,0,0,0,0
ITT00000066,AMOXICILINA+BROMEXINA C12,0,0,0,0,0,0,0
ITT00000067,AMOXICILINA+BROMHEXINA SUSP 250/8MG 5ML 16C,0,0,0,0,0,0,0
ITT00000068,AMOXICILINA+SULBACTAM 250/250MG 5ML 60ML,0,0,0,0,0,0,0
ITT00000069,AMOXIXILINA+AC. CLAV 875/125 /10T,0,0,0,0,0,0,0
ITT00000070,AMPICILINA 1.0 GR AMP,0,0,0,0,0,0,0
ITT00000071,AMPICILINA 125MG SUSP 90ML,0,0,0,0,0,0,0
ITT00000072,AMPICILINA 500MG SUSP 60ML,0,0,0,0,0,0,0
ITT00000073,AMPICILINA 1GR INY,0,0,0,0,0,0,0
ITT00000074,AMPICILINA 250MG 20C,0,0,0,0,0,0,0
ITT00000075,AMPICILINA 250MG SUSP 60ML,0,0,0,0,0,0,0
ITT00000076,AMPICILINA 500MG C20,0,0,0,0,0,0,0
ITT00000077,AMPICILINA 500MG INY,0,0,0,0,0,0,0
ITT00000078,AMPICILINA+DICLOXACILINA 60ML SUSP. 125MG/62.5/5ML,0,0,0,0,0,0,0
ITT00000079,AMPICILINA+DIPIRONA+CLORFENIRAMINA+GUAINESINA+LIDOCAINA AD C/3 AMP,0,0,0,0,0,0,0
ITT00000080,AMPICILINA+DIPIRONA+CLORFENIRAMINA+GUAINESINA+LIDOCAINA INF C/3 AMP,0,0,0,0,0,0,0
ITT00000081,ASTEMIZOL SUSP 200MG,0,0,0,0,0,0,0
ITT00000082,ASTEMIZOL TABS C/10 10MG,0,0,0,0,0,0,0
ITT00000083,ATENOLOL 50 MG C/28,0,0,0,0,0,0,0
ITT00000084,AZITROMICINA 500MG C/3T,0,0,0,0,0,0,0
ITT00000085,AZITROMICINA SUSP,0,0,0,0,0,0,0
ITT00000086,BECLOMETASONA DIPROPIONATO SPRAY AEROSOL,0,0,0,0,0,0,0
ITT00000087,BENCIDAMIDA CLORIDRATO DE 30 ML,0,0,0,0,0,0,0
ITT00000088,BENCIDAMIDA CLORIDRATO DE 360ML,0,0,0,0,0,0,0
ITT00000089,BENCIDAMIDA CRA 5% 60GR,0,0,0,0,0,0,0
ITT00000090,BENCILPENICILINA PROCAINA Y CRISTALINA 400000UI AMP,0,0,0,0,0,0,0
ITT00000091,BENCILPENICILINA PROCAINA Y CRISTALINA 800000UI AMP,0,0,0,0,0,0,0
ITT00000092,BENCILPENICILINA+BENZATINA COMP 1 AMP 3ML,0,0,0,0,0,0,0
ITT00000093,BENZATINA+BENCILPENICILINA 1 200 000 UI,0,0,0,0,0,0,0
ITT00000094,BENZOCAINA FRAMBUESA C/24,0,0,0,0,0,0,0
ITT00000095,"BENZOCAINA,CLORANFENICOL,HIDROCORTISONA GTS 5ML",0,0,0,0,0,0,0
ITT00000096,BENZONATATO C/20 PERLAS,0,0,0,0,0,0,0
ITT00000097,BETAMETASONA 4 MG/ML,0,0,0,0,0,0,0
ITT00000098,BETAMETASONA CREMA 30GR,0,0,0,0,0,0,0
ITT00000099,BETAMETASONA+CLOTRIMAZOL+GENTAMICINA 40GR,0,0,0,0,0,0,0
ITT00000100,BEZAFIBRATO 200MG C/30TAB,0,0,0,0,0,0,0
ITT00000101,BEZOCAINA 10GR GEL,0,0,0,0,0,0,0
ITT00000102,BICALUTAMIDA 50MG C28,0,0,0,0,0,0,0
ITT00000103,BROMHEXINA AD JBE 100ML,0,0,0,0,0,0,0
ITT00000104,BROMHEXINA INF JBE 100ML,0,0,0,0,0,0,0
ITT00000105,BROMOCRIPTINA 2.5MG C/14TAB,0,0,0,0,0,0,0
ITT00000106,BRONKORUB UNG 40G,0,0,0,0,0,0,0
ITT00000107,BUTILHICINA+METAMIZOL C/10GRAG,0,0,0,0,0,0,0
ITT00000108,BUTILHICINA+METAMIZOL C/3AMP,0,0,0,0,0,0,0
ITT00000109,BUTILHICINA+METAMIZOL GTS 20ML,0,0,0,0,0,0,0
ITT00000110,BUTILHIOSCINA C/3AMP,0,0,0,0,0,0,0
ITT00000111,BUTILHIOSCINA GTS 15ML,0,0,0,0,0,0,0
ITT00000112,BUTILHIOSCINA C/10GRAG,0,0,0,0,0,0,0
ITT00000113,CALCIO EFERV. C/12CPS,0,0,0,0,0,0,0
ITT00000114,CALCIO VIC 600MG 30T,0,0,0,0,0,0,0
ITT00000115,CALCIO+MAGNESIO 30T,0,0,0,0,0,0,0
ITT00000116,CALCIO+VITAMINA D SUSP,0,0,0,0,0,0,0
ITT00000117,CALCIO+VITAMINA D T60,0,0,0,0,0,0,0
ITT00000118,CALCITRIOL 0.25MCG 50 CAP,0,0,0,0,0,0,0
ITT00000119,CAOLIN+PECTINA+FURAZOLIDONA SUSP 120ML,0,0,0,0,0,0,0
ITT00000120,CAPTOPRIL 25MG 30T,0,0,0,0,0,0,0
ITT00000121,CAPTOPRIL 50MG 20T,0,0,0,0,0,0,0
ITT00000122,CAPTOPRIL+HIDROCLOROTIAZIDA 15T,0,0,0,0,0,0,0
ITT00000123,CARBAMAZEPINA 10T 400 MG,0,0,0,0,0,0,0
ITT00000124,CARBAMAZEPINA 120ML SUSP,0,0,0,0,0,0,0
ITT00000125,CARBAMAZEPINA 20 TAB/200 MG,0,0,0,0,0,0,0
ITT00000126,CARNITINA C/30,0,0,0,0,0,0,0
ITT00000127,CARNITINA+B1+AMONOACIDOS C/30,0,0,0,0,0,0,0
ITT00000128,CEFACLOR 125 MG SUSP,0,0,0,0,0,0,0
ITT00000129,CEFACLOR 250MG C/15CAP,0,0,0,0,0,0,0
ITT00000130,CEFACLOR 250MG SUSP,0,0,0,0,0,0,0
ITT00000131,CEFACLOR 375 MG 10T 12HRS,0,0,0,0,0,0,0
ITT00000132,CEFACLOR 375MG SUSP,0,0,0,0,0,0,0
ITT00000133,CEFACLOR 500MG C/15CAP,0,0,0,0,0,0,0
ITT00000134,CEFACLOR 750 MG 10T,0,0,0,0,0,0,0
ITT00000135,CEFADROXILO 500MG C/16CAP,0,0,0,0,0,0,0
ITT00000136,CEFADROXILO 250MG SUSP,0,0,0,0,0,0,0
ITT00000137,CEFALEXINA 125MG SUSP,0,0,0,0,0,0,0
ITT00000138,CEFALEXINA 250MG SUSP,0,0,0,0,0,0,0
ITT00000139,CEFALEXINA 500MG C/20 CAP,0,0,0,0,0,0,0
ITT00000140,CEFOTAXIMA 1.0GR IV,0,0,0,0,0,0,0
ITT00000141,CEFOTAXIMA 1GR IM,0,0,0,0,0,0,0
ITT00000142,CEFTRIAXONA 1.0GR IM G I,0,0,0,0,0,0,0
ITT00000143,CEFTRIAXONA 500MG IM G I,0,0,0,0,0,0,0
ITT00000144,CEFUROXIMA 250MG SUSP,0,0,0,0,0,0,0
ITT00000145,CEFUROXIMA 125 MG SUSP,0,0,0,0,0,0,0
ITT00000146,CEFUROXIMA 250MG T10,0,0,0,0,0,0,0
ITT00000147,CEFUROXIMA 500MG T10,0,0,0,0,0,0,0
ITT00000148,CETIRIZINA 10 MG TABS C/10,0,0,0,0,0,0,0
ITT00000149,CETIRIZINA SOL 50ML,0,0,0,0,0,0,0
ITT00000150,CIANOCOBOLAMINA F A 12ML,0,0,0,0,0,0,0
ITT00000151,CIMETIDINA T30 300MG,0,0,0,0,0,0,0
ITT00000152,CINARIZINA TAB 75MG C/60,0,0,0,0,0,0,0
ITT00000153,CINITAPRIDA 1GR C25,0,0,0,0,0,0,0
ITT00000154,CIPROFLOXACINO 250MG C/12TAB,0,0,0,0,0,0,0
ITT00000155,CIPROFLOXACINO 500 MG 8T,0,0,0,0,0,0,0
ITT00000156,CIPROFLOXACINO INY 200MG/100ML,0,0,0,0,0,0,0
ITT00000157,CIPROFLOXACINO SOL.OFT 5MG,0,0,0,0,0,0,0
ITT00000158,CISAPRIDA 10MG C/30TAB,0,0,0,0,0,0,0
ITT00000159,CISAPRIDA 5MG C/30TAB,0,0,0,0,0,0,0
ITT00000160,CISAPRIDA SUSP 60 ML. 1 MG/ML,0,0,0,0,0,0,0
ITT00000161,CITALOPRAM 20MG 14T,0,0,0,0,0,0,0
ITT00000162,CLARITROMICINA 125MG SUSP,0,0,0,0,0,0,0
ITT00000163,CLARITROMICINA 250MG C/10TAB,0,0,0,0,0,0,0
ITT00000164,CLARITROMICINA 250MG SUSP 60ML,0,0,0,0,0,0,0
ITT00000165,CLARITROMICINA 500MG C/10TAB,0,0,0,0,0,0,0
ITT00000166,CLENBUTEROL .02MG 50T,0,0,0,0,0,0,0
ITT00000167,CLINDAMICINA 300 MG C/16,0,0,0,0,0,0,0
ITT00000168,CLINDAMICINA 600MG C/1 AMP.GI,0,0,0,0,0,0,0
ITT00000169,CLINDAMICINA CRA VAGINAL 40 GR,0,0,0,0,0,0,0
ITT00000170,CLINDAMICINA GEL 30 GR,0,0,0,0,0,0,0
ITT00000171,CLORANFENICOL SOL OFT 10ML,0,0,0,0,0,0,0
ITT00000172,CLORANFENICOL500MG 20T,0,0,0,0,0,0,0
ITT00000173,CLORFENAMINA 4MG T20,0,0,0,0,0,0,0
ITT00000174,CLORFENAMINA 50MG JBE 120 ML,0,0,0,0,0,0,0
ITT00000175,CLORFENAMINA+PARACETAMOL+FENILEFRINA+CAFEINA 10 TAB,0,0,0,0,0,0,0
ITT00000176,CLORFENAMINA+PARACETAMOL+FENILEFRINA+VITAMINA C 12TAB,0,0,0,0,0,0,0
ITT00000177,CLORFENIRAMIDA+DEXAMETASONA JBE 60ML,0,0,0,0,0,0,0
ITT00000178,CLORFENIRAMINA+DEXAMETASONA 12T,0,0,0,0,0,0,0
ITT00000179,CLORFENIRAMINA+FENILEFRINA 120 ML AD E INF,0,0,0,0,0,0,0
ITT00000180,CLORMADINONA 2MG 20T,0,0,0,0,0,0,0
ITT00000181,CLORMADINONA+MESTRANOL 2MG 20T,0,0,0,0,0,0,0
ITT00000182,CLORTALIDONA 20T 50MG,0,0,0,0,0,0,0
ITT00000183,CLORURO DE SODIO+GLICEROL 30ML AD,0,0,0,0,0,0,0
ITT00000184,CLORURO DE SODIO+GLICEROL 30ML INF,0,0,0,0,0,0,0
ITT00000185,CLORURO DECALINO+HIDROCORTIZONA+TIROTRICINA+LIDOCAINA 20ML SOL,0,0,0,0,0,0,0
ITT00000186,CLOTRIMAZOL C/6 CPR VAG,0,0,0,0,0,0,0
ITT00000187,CLOTRIMAZOL CRA 2% VAGINAL 20GR,0,0,0,0,0,0,0
ITT00000188,CLOTRIMAZOL CRA 30GR,0,0,0,0,0,0,0
ITT00000189,COLCHICINA TAB C/30 GI,0,0,0,0,0,0,0
ITT00000190,COMPLEJO B T30,0,0,0,0,0,0,0
ITT00000191,COMPLEJO B 5-AMP,0,0,0,0,0,0,0
ITT00000192,COMPLEJO B+DEXAMETASONA INY/2,0,0,0,0,0,0,0
ITT00000193,COMPLEJO B+DEXAMETASONA T/12,0,0,0,0,0,0,0
ITT00000194,COMPLEJO B+DEXAMETASONA+LIDOCAINA SOL INY 3AMP,0,0,0,0,0,0,0
ITT00000195,COMPLEJO B+DICLOFENACO AMP/3,0,0,0,0,0,0,0
ITT00000196,CORTILONA CRA 30GR,0,0,0,0,0,0,0
ITT00000197,DANAZOL 100MG 50T,0,0,0,0,0,0,0
ITT00000198,DEFLAZACORT 30MG 10T,0,0,0,0,0,0,0
ITT00000199,DEFLAZACORT 6MG 20T,0,0,0,0,0,0,0
ITT00000200,DESLORATADINA 5MG 10T,0,0,0,0,0,0,0
ITT00000201,DESLORATADINA 5MG 30T,0,0,0,0,0,0,0
ITT00000202,DESOGESTREL+ETINILESTRADIOL,0,0,0,0,0,0,0
ITT00000203,DEXAM+NEOM+LIDOC OTICA GTS 10ML,0,0,0,0,0,0,0
ITT00000204,DEXAM+NEOM+POLI SOL OFTALM 5 ml,0,0,0,0,0,0,0
ITT00000205,DEXAM+NEOMICINA OFT GTS 5ML,0,0,0,0,0,0,0
ITT00000206,DEXAMETASONA 0.5MG T/30,0,0,0,0,0,0,0
ITT00000207,DEXAMETASONA INY C/1,0,0,0,0,0,0,0
ITT00000208,DEXAMETASONA INY C/3 AMP,0,0,0,0,0,0,0
ITT00000209,DEXAMETASONA+FENILBUTAZONA+METOCARBAMOL G30,0,0,0,0,0,0,0
ITT00000210,DEXAMETASONA+FENILBUTAZONA+SALICILAMIDA+GEL HIDROXIDO 20T,0,0,0,0,0,0,0
ITT00000211,DEXAMETASONA+NEOMI+FENILEFRINA GTS NASAL,0,0,0,0,0,0,0
ITT00000212,DEXTROMETORFANO 300MG JBE 120 ML,0,0,0,0,0,0,0
ITT00000213,DEXTROMETORFANO+AMBROXOL AD 120ML,0,0,0,0,0,0,0
ITT00000214,DEXTROMETORFANO+GUAYFENESINA ADULTO,0,0,0,0,0,0,0
ITT00000215,DEXTROMETORFANO+GUAYFENESINA INFANTIL,0,0,0,0,0,0,0
ITT00000216,DEXTROMETORFANO+PARACETAMOL+FENILEFRINA GRANULADO C/6 SBS,0,0,0,0,0,0,0
ITT00000217,DEXTROMETORFANO+PARACETAMOL+FENILEFRINA T10,0,0,0,0,0,0,0
ITT00000218,DICICLOVERINA 10MG 30T,0,0,0,0,0,0,0
ITT00000219,DICICLOVERINA+ALUMINIO+MAGNESIO+DIMETICONA 30T,0,0,0,0,0,0,0
ITT00000220,DICLOCACICLINA SOL INY 250 MG,0,0,0,0,0,0,0
ITT00000221,DICLOFENACO 100MG 20T,0,0,0,0,0,0,0
ITT00000222,DICLOFENACO CRA 60GR,0,0,0,0,0,0,0
ITT00000223,DICLOFENACO GI INY C/2,0,0,0,0,0,0,0
ITT00000224,DICLOFENACO GI INY C/4,0,0,0,0,0,0,0
ITT00000225,DICLOFENACO SODICO 1MG GTS 5 ML,0,0,0,0,0,0,0
ITT00000226,DICLOFENACO SODICO SUSP 120ML,0,0,0,0,0,0,0
ITT00000227,DICLOFENACO+BETAMETASONA GEL 60GR,0,0,0,0,0,0,0
ITT00000228,DICLOFENACO+CARISIPRODOL 20G,0,0,0,0,0,0,0
ITT00000229,DICLOFENACO+COMPLEJO B-50 MG/30 G,0,0,0,0,0,0,0
ITT00000230,DICLOFENACO+PARACETAMOL 10C 50/500MG,0,0,0,0,0,0,0
ITT00000231,DICLOXACILINA 250 MG C20,0,0,0,0,0,0,0
ITT00000232,DICLOXACILINA 250 MG SUSP 60ML,0,0,0,0,0,0,0
ITT00000233,DICLOXACILINA 500MG C12,0,0,0,0,0,0,0
ITT00000234,DIFENHIDRAMINA 250MG JBE 120ML,0,0,0,0,0,0,0
ITT00000235,DIFENHIDRAMINA 25MG C30,0,0,0,0,0,0,0
ITT00000236,DIFENIDOL 25 MG 30T,0,0,0,0,0,0,0
ITT00000237,DIFENIDOL AMP-2,0,0,0,0,0,0,0
ITT00000238,DIGOXINA 0.250 MG C/24,0,0,0,0,0,0,0
ITT00000239,DILTIAZEM 30 TAB/30 MG,0,0,0,0,0,0,0
ITT00000240,DIMENHIDRINATO 24 T 50MG,0,0,0,0,0,0,0
ITT00000241,DIMENHIDRINATO GTS INF 15ML,0,0,0,0,0,0,0
ITT00000242,DIMENHIDRINATO INY 50 MG/3,0,0,0,0,0,0,0
ITT00000243,DIMENHIDRINATO SUP INF C/5,0,0,0,0,0,0,0
ITT00000244,DIMETICONA SUSP 100MG 30ML,0,0,0,0,0,0,0
ITT00000245,DIPROPIONATO+FOSFATO DE BETAMETASONA 4MG 1AMP,0,0,0,0,0,0,0
ITT00000246,DOXICICLINA 100MG 10 CAPS,0,0,0,0,0,0,0
ITT00000247,ELECTROLIT COCO 500 ML,0,0,0,0,0,0,0
ITT00000248,ELECTROLIT FRESA 500ML,0,0,0,0,0,0,0
ITT00000249,ELECTROLIT MZA 500ML,0,0,0,0,0,0,0
ITT00000250,ELECTROLIT PED COCO 500 ml,0,0,0,0,0,0,0
ITT00000251,ELECTROLIT PED FRESA 625ML,0,0,0,0,0,0,0
ITT00000252,ELECTROLIT PED LIM/LIMON 4S,0,0,0,0,0,0,0
ITT00000253,ELECTROLIT PED MANZ PLAST 625 ml,0,0,0,0,0,0,0
ITT00000254,ELECTROLIT PED PIÑA 625ML,0,0,0,0,0,0,0
ITT00000255,ELECTROLITO 4SBS LIMON,0,0,0,0,0,0,0
ITT00000256,ELECTROLITO 4SBS MANZANA,0,0,0,0,0,0,0
ITT00000257,ELECTROLITO 4SBS NARANJA,0,0,0,0,0,0,0
ITT00000258,ELECTROLITO 4SBS PIÑA,0,0,0,0,0,0,0
ITT00000259,ENALAPRIL T/30 10MG,0,0,0,0,0,0,0
ITT00000260,ERITROMICINA 250MG SUSP,0,0,0,0,0,0,0
ITT00000261,ERITROMICINA 500MG 20T,0,0,0,0,0,0,0
ITT00000262,ERITROMICINA T 250 MG C/20,0,0,0,0,0,0,0
ITT00000263,ESPIRONOLACTONA 25MG 20T,0,0,0,0,0,0,0
ITT00000264,ESTROGENOS CONJ 0.625 C/21 GRAG,0,0,0,0,0,0,0
ITT00000265,ESTROGENOS CONJ 0.625 C/42 GRAG,0,0,0,0,0,0,0
ITT00000266,"EUCALIPTO,GUAYACOL PERLAS30",0,0,0,0,0,0,0
ITT00000267,"EUCALIPTO+GUAYACOL,+MIEL+GORDOLOBO+PROPOLEO+BUGAMBILIA+VIT C ADT 240 ML",0,0,0,0,0,0,0
ITT00000268,"EUCALIPTO+GUAYACOL,+MIEL+GORDOLOBO+PROPOLEO+BUGAMBILIA+VIT C INF 240 ML",0,0,0,0,0,0,0
ITT00000269,EUCALIPTO-+MIEL+GORDOLOBO+MIRRA+MENTOL CARAMELOS,0,0,0,0,0,0,0
ITT00000270,EUCALIPTO-+MIEL+GORDOLOBO+MIRRA+MENTOL PALETAS,0,0,0,0,0,0,0
ITT00000271,EUCALIPTO-MIRRA-PROPOLEO-MIEL 240 ML JBE,0,0,0,0,0,0,0
ITT00000272,EXALVER FENILEFRINA PED. 30 ML,0,0,0,0,0,0,0
ITT00000273,EXTRACTO CASTAÑA INDIAS 500MG 30T,0,0,0,0,0,0,0
ITT00000274,FAMOTIDINA 20MG 30C,0,0,0,0,0,0,0
ITT00000275,FELODIPINO 5 MG 20T,0,0,0,0,0,0,0
ITT00000276,FENAZOPIRIDINA 100 MG C/20 TAB,0,0,0,0,0,0,0
ITT00000277,FENILEFRINA+DEXAMETASONA+NEOMICINA NASAL,0,0,0,0,0,0,0
ITT00000278,FENITOINA SODICA 250 MG/5 ML,0,0,0,0,0,0,0
ITT00000279,FENITOINA SODICA 7.5MG 120ML,0,0,0,0,0,0,0
ITT00000280,FENITOINA T50 100MG,0,0,0,0,0,0,0
ITT00000281,FEXOFENADINA C/10 120MG,0,0,0,0,0,0,0
ITT00000282,FEXOFENADINA C/10 180MG,0,0,0,0,0,0,0
ITT00000283,FINASTERIDA 5MG 30T,0,0,0,0,0,0,0
ITT00000284,FLUCINOLONA+CLIOQUINOL CRA 30G,0,0,0,0,0,0,0
ITT00000285,FLUCINOLONA+NEOMICINA CRA 30G,0,0,0,0,0,0,0
ITT00000286,FLUCONAZOL 150MG. 1C,0,0,0,0,0,0,0
ITT00000287,FLUCONAZOL 10 T 100MG,0,0,0,0,0,0,0
ITT00000288,FLUCONAZOL 2 T 150MG,0,0,0,0,0,0,0
ITT00000289,FLUNARICINA 10 MG T20,0,0,0,0,0,0,0
ITT00000290,FLUNARICINA 5MG T/40,0,0,0,0,0,0,0
ITT00000291,FLUOCINOLONA CREMA 30G,0,0,0,0,0,0,0
ITT00000292,FLUOCINOLONA+METRONIDAZOL+NISTATINA OV/10,0,0,0,0,0,0,0
ITT00000293,FLUOXETINA 20 MG C/14,0,0,0,0,0,0,0
ITT00000294,FLUOXETINA 20 MG C/28,0,0,0,0,0,0,0
ITT00000295,FOCUS VERSICULOSUS+GARCINA CAMBOGIA+POLINICOTINATO DE CR 60 CPS,0,0,0,0,0,0,0
ITT00000296,FUMARATO FERROSO SUSP 120ML,0,0,0,0,0,0,0
ITT00000297,FUMARATO FERROSO C50 200MG,0,0,0,0,0,0,0
ITT00000298,FUMARATO FERROSO+ACIDO FOLICO C30,0,0,0,0,0,0,0
ITT00000299,FUROSEMIDA 40 MG C/20,0,0,0,0,0,0,0
ITT00000300,FUROSEMIDA 20MG C/20 INY,0,0,0,0,0,0,0
ITT00000301,GABAPENTINA 300 MG C/15,0,0,0,0,0,0,0
ITT00000302,GENTAMICINA 20 MG 1 AMP,0,0,0,0,0,0,0
ITT00000303,GENTAMICINA 160MG C/5 AMP,0,0,0,0,0,0,0
ITT00000304,GENTAMICINA 80 MG S-INY 5X2,0,0,0,0,0,0,0
ITT00000305,GENTAMICINA 80 MG S-INY C/1,0,0,0,0,0,0,0
ITT00000306,GINKO YANG CAPS C/30,0,0,0,0,0,0,0
ITT00000307,GLIBENCLAMIDA 5 MG C/50,0,0,0,0,0,0,0
ITT00000308,GLIBENCLAMIDA METFORMINA 500/5MG T30,0,0,0,0,0,0,0
ITT00000309,GLIBENCLAMIDA+METFORMINA 2.5/500MG G30,0,0,0,0,0,0,0
ITT00000310,GLIMEPIRIDA 2MG C30,0,0,0,0,0,0,0
ITT00000311,GLIMEPIRIDA 4MG T30,0,0,0,0,0,0,0
ITT00000312,GLIMEPIRIDA+METFORMINA 1/500MG 32T,0,0,0,0,0,0,0
ITT00000313,GLUCOSAMINA 30C 500MG,0,0,0,0,0,0,0
ITT00000314,GLUCOSAMINA 90 C 500MG,0,0,0,0,0,0,0
ITT00000315,GLUCOSAMINA+CONDROITINA C/30 T,0,0,0,0,0,0,0
ITT00000316,GUAIFENESINA+OXOLAMINA JBE 140ML AD,0,0,0,0,0,0,0
ITT00000317,GUAIFENESINA+OXOLAMINA JBE INF 60ML,0,0,0,0,0,0,0
ITT00000318,GUAYACOL AMPOLLETA 1ML,0,0,0,0,0,0,0
ITT00000319,HIDRALAZINA 20T 10MG,0,0,0,0,0,0,0
ITT00000320,HIDROCLOROTIAZIDA 25 MG 20TAB,0,0,0,0,0,0,0
ITT00000321,HIDROCORTISONA CRA 30GR,0,0,0,0,0,0,0
ITT00000322,HIDROX--MAGNESIO+ALUMINIO 240ML,0,0,0,0,0,0,0
ITT00000323,HIDROXOCOBALAMINA 100MG 2ML AMP,0,0,0,0,0,0,0
ITT00000324,HIERRO DEXTRANO AMP4,0,0,0,0,0,0,0
ITT00000325,HIPROMELOSA 0.5% SOL OFT 15ML,0,0,0,0,0,0,0
ITT00000326,HIPROMELOSA 2% SOL OFT 15ML,0,0,0,0,0,0,0
ITT00000327,IBUPROFENO 400MG T10,0,0,0,0,0,0,0
ITT00000328,IBUPROFENO 600MG. C10,0,0,0,0,0,0,0
ITT00000329,IBUPROFENO 200 MG C/10,0,0,0,0,0,0,0
ITT00000330,IBUPROFENO 800 MG C/10,0,0,0,0,0,0,0
ITT00000331,IBUPROFENO SUSP 120 ML,0,0,0,0,0,0,0
ITT00000332,IBUPROFENO+CAFEINA 10T,0,0,0,0,0,0,0
ITT00000333,INDOMETACINA C30,0,0,0,0,0,0,0
ITT00000334,INDOMETACINA+BETAMETASONA+METOCARBAMOL 25/0.75/215MG 20C,0,0,0,0,0,0,0
ITT00000335,ISOCONAZOL CR 20GR GI,0,0,0,0,0,0,0
ITT00000336,ISOSORBIDE 10MG T/20,0,0,0,0,0,0,0
ITT00000337,ITRACONAZOL 100 MG C/15,0,0,0,0,0,0,0
ITT00000338,ITRACONAZOL+SECNIDAZOL 33.3 MG CAP16,0,0,0,0,0,0,0
ITT00000339,KETOKONAZOL CRA 30GR,0,0,0,0,0,0,0
ITT00000340,KETOKONAZOL SHAMPOO 120 ml,0,0,0,0,0,0,0
ITT00000341,KETOKONAZOL TAB10 200MG,0,0,0,0,0,0,0
ITT00000342,KETOPROFENO 100MG C15,0,0,0,0,0,0,0
ITT00000343,KETOPROFENO 100MG 6X2AMP,0,0,0,0,0,0,0
ITT00000344,KETOPROFENO+PARACETAMOL 12T 100/300MG,0,0,0,0,0,0,0
ITT00000345,KETOPROFENO+PARACETAMOL SUSP 120ML,0,0,0,0,0,0,0
ITT00000346,KETOROLACO 4T 30MG SUBLINGUAL,0,0,0,0,0,0,0
ITT00000347,KETOROLACO C/10 TAB 10MG,0,0,0,0,0,0,0
ITT00000348,KETOROLACO C/3 AMP 30MG,0,0,0,0,0,0,0
ITT00000349,KETOROLACO+TRAMADOL 10C,0,0,0,0,0,0,0
ITT00000350,KETOTIFENO C/30,0,0,0,0,0,0,0
ITT00000351,KETOTIFENO SOL 120ML,0,0,0,0,0,0,0
ITT00000352,LACTOBACILOS ACIDOFILOS C/40,0,0,0,0,0,0,0
ITT00000353,LACTULOSA 125ML,0,0,0,0,0,0,0
ITT00000354,LAMOTRIGINA 100MG TAB 28,0,0,0,0,0,0,0
ITT00000355,LAMOTRIGINA 25 MG TAB 28,0,0,0,0,0,0,0
ITT00000356,LANSOPRAZOL 15 MG C/14,0,0,0,0,0,0,0
ITT00000357,LANSOPRAZOL 30MG 14T,0,0,0,0,0,0,0
ITT00000358,LECHE DE MAGNESIA 180ML,0,0,0,0,0,0,0
ITT00000359,LEVETIRACETAM,0,0,0,0,0,0,0
ITT00000360,LEVOFLOXACINO 500MG C/7 TAB,0,0,0,0,0,0,0
ITT00000361,LEVONORGESTREL 1.5MG /1 TAB,0,0,0,0,0,0,0
ITT00000362,LEVONORGESTREL+ETINILESTRADIOL C/21,0,0,0,0,0,0,0
ITT00000363,LEVONORGESTREL+ETINILESTRADIOL C/28,0,0,0,0,0,0,0
ITT00000364,LEVOTIROXINA 100MCG C100,0,0,0,0,0,0,0
ITT00000365,LEVOTIROXINA 125MCG C100,0,0,0,0,0,0,0
ITT00000366,LEVOTIROXINA 50MCG C100,0,0,0,0,0,0,0
ITT00000367,LIDOCAINA 10% 115ML SPRAY,0,0,0,0,0,0,0
ITT00000368,LIDOCAINA 2% 50ML,0,0,0,0,0,0,0
ITT00000369,LIDOCAINA UNG 35GR,0,0,0,0,0,0,0
ITT00000370,LIDOCAINA+HIDROCORTISONA+SUB/ALUMINIO+OXIDO/ZIN 12 SUPS,0,0,0,0,0,0,0
ITT00000371,LIDOCAINA+HIDROCORTISONA+SUB/ALUMINIO+OXIDO/ZINC UNG 30GR,0,0,0,0,0,0,0
ITT00000372,LINCOMICINA 600 MG INY C/3,0,0,0,0,0,0,0
ITT00000373,LINCOMICINA INF 300 MG C/6 AMP,0,0,0,0,0,0,0
ITT00000374,LINCOMICINA T16/500 MG,0,0,0,0,0,0,0
ITT00000375,LISINA CLOHRIDRATO 125MG T10,0,0,0,0,0,0,0
ITT00000376,LISINA CLOHRIDRATO 250MG T10,0,0,0,0,0,0,0
ITT00000377,LISINA+BUTILHIOSCINA INY 2ML C/6,0,0,0,0,0,0,0
ITT00000378,LISINA+BUTILHIOSCINA T10 250/10MG,0,0,0,0,0,0,0
ITT00000379,LISINA+BUTILHIOSCINA T20 125/10MG,0,0,0,0,0,0,0
ITT00000380,LISINOPRIL T/30 10 MG,0,0,0,0,0,0,0
ITT00000381,LOPERAMIDA T/12 2MG,0,0,0,0,0,0,0
ITT00000382,LORATADINA FENILEFRINA INF JBE 60ML,0,0,0,0,0,0,0
ITT00000383,LORATADINA FENILEFRINA JBE AD 120ML,0,0,0,0,0,0,0
ITT00000384,LORATADINA SOL 60 ML 5MG/5ML,0,0,0,0,0,0,0
ITT00000385,LORATADINA SOL GTS 30 ml,0,0,0,0,0,0,0
ITT00000386,LORATADINA T/10 10MG,0,0,0,0,0,0,0
ITT00000387,LORATADINA+BETAMETASONA 5/.25MG T/10,0,0,0,0,0,0,0
ITT00000388,LORATADINA+BETAMETASONA SOL 100 MG 60 ML,0,0,0,0,0,0,0
ITT00000389,LOSARTAN 50MG C/10T,0,0,0,0,0,0,0
ITT00000390,LOSARTAN 50MG C/30 TAB,0,0,0,0,0,0,0
ITT00000391,LOSARTAN+HIDROCLOROTIAZIDA 50/12.5 30 T,0,0,0,0,0,0,0
ITT00000392,MECLIZINA PIRIDOXINA GTS 15ML,0,0,0,0,0,0,0
ITT00000393,MECLIZINA PIRIDOXINA SOL 5-AMP,0,0,0,0,0,0,0
ITT00000394,MECLIZINA PIRIDOXINA T/12,0,0,0,0,0,0,0
ITT00000395,MEDROXI PROGESTERONA ESTRADIOL INY AMP1,0,0,0,0,0,0,0
ITT00000396,MELOXICAM 15 MG INY C/3,0,0,0,0,0,0,0
ITT00000397,MELOXICAM 15MG C/10,0,0,0,0,0,0,0
ITT00000398,MELOXICAM 7.5 MG C/14,0,0,0,0,0,0,0
ITT00000399,MELOXICAM 7.5MG C/7,0,0,0,0,0,0,0
ITT00000400,METAMISOL 500 MG T10,0,0,0,0,0,0,0
ITT00000401,METAMIZOL 2ML 3AMP,0,0,0,0,0,0,0
ITT00000402,METAMIZOL GTS 30 ML,0,0,0,0,0,0,0
ITT00000403,METAMIZOL INY 2.5GR 5ML,0,0,0,0,0,0,0
ITT00000404,METAMIZOL JBE 120 ML 250MG,0,0,0,0,0,0,0
ITT00000405,METENAMINA 30T 500MG,0,0,0,0,0,0,0
ITT00000406,METFORMINA 850MG T30,0,0,0,0,0,0,0
ITT00000407,METFORMINA+CLORPROPAMIDA 500/125MG 30T30,0,0,0,0,0,0,0
ITT00000408,METILDOPA 250 MG 30 TAB,0,0,0,0,0,0,0
ITT00000409,METILPREDNISOLONA 500MG,0,0,0,0,0,0,0
ITT00000410,METOCARBAMOL+ACETILSALISILICO C18,0,0,0,0,0,0,0
ITT00000411,METOCARBAMOL+MELOXICAM T10,0,0,0,0,0,0,0
ITT00000412,METOCLOPRAMIDA T/20 10MG,0,0,0,0,0,0,0
ITT00000413,METOPROLOL 20T/100,0,0,0,0,0,0,0
ITT00000414,METROCLOPRAMIDA GTS 20 ML,0,0,0,0,0,0,0
ITT00000415,METRONIDAZOL 250 MG TAB C/20,0,0,0,0,0,0,0
ITT00000416,METRONIDAZOL 250MG/5ML 120 ML,0,0,0,0,0,0,0
ITT00000417,METRONIDAZOL 500 MG T30,0,0,0,0,0,0,0
ITT00000418,METRONIDAZOL 500 MG/100 ML,0,0,0,0,0,0,0
ITT00000419,METRONIDAZOL INY BOLSA 500MG 100ML,0,0,0,0,0,0,0
ITT00000420,METRONIDAZOL+DIYODOHIDROXIQUINOLEINA SUSP 120ML,0,0,0,0,0,0,0
ITT00000421,METRONIDAZOL+DIYODOHIDROXIQUINOLEINA T20,0,0,0,0,0,0,0
ITT00000422,MICONAZOL 20 GR CRA,0,0,0,0,0,0,0
ITT00000423,MICRODACYN 60 SOL 240ML,0,0,0,0,0,0,0
ITT00000424,MINOCICLINA 100MG 10T,0,0,0,0,0,0,0
ITT00000425,MULTIVITAMINAS Y MINERALES C60,0,0,0,0,0,0,0
ITT00000426,NAFAZOLINA SOL OFT 15 ml,0,0,0,0,0,0,0
ITT00000427,NAFAZOLINA+FENIRAMINA 5ML,0,0,0,0,0,0,0
ITT00000428,NAFAZOLINA+SULFACETAMIDA 20ML,0,0,0,0,0,0,0
ITT00000429,NAPROXENO 250 MG TAB C/30,0,0,0,0,0,0,0
ITT00000430,NAPROXENO 500 MG C/10 TAB,0,0,0,0,0,0,0
ITT00000431,NAPROXENO SODICO 100/2.5 SUSP,0,0,0,0,0,0,0
ITT00000432,NAPROXENO SODICO 275 MG T20,0,0,0,0,0,0,0
ITT00000433,NAPROXENO+CARISOPRODOL 250/200MG 30CAP,0,0,0,0,0,0,0
ITT00000434,NAPROXENO+PARACETAMOL C10T,0,0,0,0,0,0,0
ITT00000435,NAPROXENO+PARACETAMOL SUSP,0,0,0,0,0,0,0
ITT00000436,NEOM/POLIMIX/GRAMIC 15 ML GTS,0,0,0,0,0,0,0
ITT00000437,NEOM+CAOLIN+PECTINA 120ML,0,0,0,0,0,0,0
ITT00000438,NEOMICINA+DEXAMETASONA SOL 5ML,0,0,0,0,0,0,0
ITT00000439,NIFEDIPINO 10 MG C/20,0,0,0,0,0,0,0
ITT00000440,NIFEDIPINO 30 MG 30 CPS,0,0,0,0,0,0,0
ITT00000441,NIMESULIDA 25MG 20ML,0,0,0,0,0,0,0
ITT00000442,NIMESULIDA 50MG 60ML,0,0,0,0,0,0,0
ITT00000443,NIMESULIDA 100MG CAPS,0,0,0,0,0,0,0
ITT00000444,NIMESULIDA GEL 40GR,0,0,0,0,0,0,0
ITT00000445,NISTATINA GI C/12 TAB,0,0,0,0,0,0,0
ITT00000446,NISTATINA SUSP 24ML,0,0,0,0,0,0,0
ITT00000447,NISTATINA+TRIAMCINALONA CRA 40G,0,0,0,0,0,0,0
ITT00000448,NITAZOXANIDA 200 MG T6,0,0,0,0,0,0,0
ITT00000449,NITAZOXANIDA 500 MG T6,0,0,0,0,0,0,0
ITT00000450,NITROFURAL 6MG 6/OV,0,0,0,0,0,0,0
ITT00000451,NITROFURANTOINA C40 100MG,0,0,0,0,0,0,0
ITT00000452,NORFLOXACINO T20 400MG,0,0,0,0,0,0,0
ITT00000453,NORFLOXACINO-FENAZOPIRIDINA C/8,0,0,0,0,0,0,0
ITT00000454,OFLOXACINO 400 MG C/8,0,0,0,0,0,0,0
ITT00000455,OMEPRAZOL 20 MG C/14,0,0,0,0,0,0,0
ITT00000456,OMEPRAZOL 20 MG C/7,0,0,0,0,0,0,0
ITT00000457,OMEPRAZOL 20 MG C120,0,0,0,0,0,0,0
ITT00000458,OMEPRAZOL 20 MG C2,0,0,0,0,0,0,0
ITT00000459,OMEPRAZOL 20 MG C60,0,0,0,0,0,0,0
ITT00000460,OMEPRAZOL SOL INY 40MG,0,0,0,0,0,0,0
ITT00000461,ONDANSETRON 8MG C10T,0,0,0,0,0,0,0
ITT00000462,ONDANSETRON 8MG/4ML AMP 3,0,0,0,0,0,0,0
ITT00000463,OPUNTIA FICUS-NOPAL DESHIDRATADO 150T,0,0,0,0,0,0,0
ITT00000464,ORLISTAT / 21 CAP 120 MG,0,0,0,0,0,0,0
ITT00000465,OXIDO DE ZINC TUBO PASTA 30GR,0,0,0,0,0,0,0
ITT00000466,OXIDO DE ZINC TUBO PDA 60GR,0,0,0,0,0,0,0
ITT00000467,OXIMETAZOLINA 20ML SOL ADU+GLICERINA,0,0,0,0,0,0,0
ITT00000468,OXIMETAZOLINA 20ML SOL INF,0,0,0,0,0,0,0
ITT00000469,OXITETRACICLINA 125MG TROCISCOS C24,0,0,0,0,0,0,0
ITT00000470,OXITETRACICLINA 16C 500MG,0,0,0,0,0,0,0
ITT00000471,OXOLAMINA JBE 100ML,0,0,0,0,0,0,0
ITT00000472,PANCREATINA+BILIS DE BUEY+DIMETILPOLISILOXANO G25,0,0,0,0,0,0,0
ITT00000473,PANTOPRAZOL 40MG C/14,0,0,0,0,0,0,0
ITT00000474,PARACETAMOL 300MG C/5 SUP,0,0,0,0,0,0,0
ITT00000475,PARACETAMOL 500 T10,0,0,0,0,0,0,0
ITT00000476,PARACETAMOL 750MG T10,0,0,0,0,0,0,0
ITT00000477,PARACETAMOL 80MG 4T,0,0,0,0,0,0,0
ITT00000478,PARACETAMOL GOTAS 15ML,0,0,0,0,0,0,0
ITT00000479,PARACETAMOL GTS 30 ML,0,0,0,0,0,0,0
ITT00000480,PARACETAMOL JBE 120 ML,0,0,0,0,0,0,0
ITT00000481,"PARACETAMOL,FENILEFRINA, CLORFENIRAMINA 12GRA",0,0,0,0,0,0,0
ITT00000482,"PARACETAMOL,FENILEFRINA, CLORFENIRAMINA 30ML",0,0,0,0,0,0,0
ITT00000483,"PARACETAMOL,FENILEFRINA, CLORFENIRAMINA JBE",0,0,0,0,0,0,0
ITT00000484,PARACETAMOL+CAFEINA 10 T,0,0,0,0,0,0,0
ITT00000485,PARACETAMOL+FENILEFRINA+LORATADINA SOBRE PVO/6,0,0,0,0,0,0,0
ITT00000486,PARACETAMOL+IBUPROFENO 325/200MG 20T,0,0,0,0,0,0,0
ITT00000487,PAROXETINA T/10 20MG,0,0,0,0,0,0,0
ITT00000488,PENICILINA V POT 400000U 20T,0,0,0,0,0,0,0
ITT00000489,PENICILINA V POT 800 000 U 20T,0,0,0,0,0,0,0
ITT00000490,PENTOXIFILINA 400MG T30,0,0,0,0,0,0,0
ITT00000491,PERBORATO+BITARTRATO DE Na 1 SOBRE,0,0,0,0,0,0,0
ITT00000492,PERBORATO+BITARTRATO DE Na 20 SOBRES,0,0,0,0,0,0,0
ITT00000493,PINAVERIO BROMURO DE 100 MG 14T,0,0,0,0,0,0,0
ITT00000494,PIROXICAM 20MG T20,0,0,0,0,0,0,0
ITT00000495,PIROXICAM 30 GM CRA,0,0,0,0,0,0,0
ITT00000496,PLANTAGO PSYLLIUM 400GR. GI,0,0,0,0,0,0,0
ITT00000497,PRAVASTATINA 10 MG C/15,0,0,0,0,0,0,0
ITT00000498,PRAVASTATINA10 MG C/30,0,0,0,0,0,0,0
ITT00000499,PREDNISOLONA 5MG SOL OFT 5 ML,0,0,0,0,0,0,0
ITT00000500,PREDNISONA 20MG C30 TAB GI,0,0,0,0,0,0,0
ITT00000501,PREDNISONA 5 MG TAB C/20,0,0,0,0,0,0,0
ITT00000502,PREDNISONA 50MGC/20 TAB GI,0,0,0,0,0,0,0
ITT00000503,PROGESTERONA+ESTRADIOL 50/5 AMP,0,0,0,0,0,0,0
ITT00000504,PROPAFENONA 150 MG/20 TAB,0,0,0,0,0,0,0
ITT00000505,PROPANOLOL 40 MG C/20 TAB,0,0,0,0,0,0,0
ITT00000506,PROPOLEO+EUCALIPTO+SAUCO+MENTOL+GORDOLOBO+EQUINACEA FREE SUGAR 150ML,0,0,0,0,0,0,0
ITT00000507,PROPOLEO+EUCALIPTO+SAUCO+MENTOL+GORDOLOBO+EQUINACEA FREE SUGAR 35GR,0,0,0,0,0,0,0
ITT00000508,PROTEINAS+CREATINA 500 GR 30T,0,0,0,0,0,0,0
ITT00000509,PROTEINAS+MULTIVITAMINICO SABOR CHOCOLATE 237 ML,0,0,0,0,0,0,0
ITT00000510,PROTEINAS+MULTIVITAMINICO SABOR FRESA 237 ML,0,0,0,0,0,0,0
ITT00000511,PROTEINAS+MULTIVITAMINICO SABOR VAINILLA 237 ML,0,0,0,0,0,0,0
ITT00000512,PRUEBA DE EMBARAZO,0,0,0,0,0,0,0
ITT00000513,QUINFAMIDA 100 MG 3TAB,0,0,0,0,0,0,0
ITT00000514,QUINFAMIDA SUSP. 100ML,0,0,0,0,0,0,0
ITT00000515,RAMIPRIL 16 TAB/5 MG,0,0,0,0,0,0,0
ITT00000516,RANITIDINA 300 MG C/10,0,0,0,0,0,0,0
ITT00000517,RANITIDINA 150 MG C/20,0,0,0,0,0,0,0
ITT00000518,RANITIDINA 50MG 2MLX5AMP,0,0,0,0,0,0,0
ITT00000519,RANITIDINA GOTAS,0,0,0,0,0,0,0
ITT00000520,RANITIDINA INY 5AMP,0,0,0,0,0,0,0
ITT00000521,RANITIDINA JBE 200ML,0,0,0,0,0,0,0
ITT00000522,RIFAMPICINA 300 MG C/16 CAP,0,0,0,0,0,0,0
ITT00000523,SAL DE UVAS PICOT,0,0,0,0,0,0,0
ITT00000524,SALBUTAMOL 4MG T30,0,0,0,0,0,0,0
ITT00000525,SALBUTAMOL GI AERO 100MCG,0,0,0,0,0,0,0
ITT00000526,SALBUTAMOL JBE 40 MG 120 ML,0,0,0,0,0,0,0
ITT00000527,SENOSIDOS A y B C20,0,0,0,0,0,0,0
ITT00000528,SENOSIDOS AyB C30 +CIRUELA,0,0,0,0,0,0,0
ITT00000529,SERTRALINA 50MG C/14 T,0,0,0,0,0,0,0
ITT00000530,SIBUTRAMINA 10 MG C15,0,0,0,0,0,0,0
ITT00000531,SIBUTRAMINA 15 mg c/15,0,0,0,0,0,0,0
ITT00000532,SIBUTRAMINA 15 MG C30,0,0,0,0,0,0,0
ITT00000533,SILDENAFIL 50MG C/1-TAB,0,0,0,0,0,0,0
ITT00000534,SILDENAFIL 50MG C/4-TAB,0,0,0,0,0,0,0
ITT00000535,SIMVASTATINA 10 MG C14,0,0,0,0,0,0,0
ITT00000536,SUBSALICILATO/BISMUTO SUSP 120ML,0,0,0,0,0,0,0
ITT00000537,SUCRALFATO 40 TAB/1G,0,0,0,0,0,0,0
ITT00000538,SULFADIAZINA DE PLATA CRA 28GR,0,0,0,0,0,0,0
ITT00000539,SULINDACO 200MG/20 TAB,0,0,0,0,0,0,0
ITT00000540,TAMOXIFENO 10MG 30T,0,0,0,0,0,0,0
ITT00000541,TAMSULOSINA 0.4 MG CAPS 20,0,0,0,0,0,0,0
ITT00000542,TEOFILINA 20 TAB/100 MG,0,0,0,0,0,0,0
ITT00000543,TERBINAFINA 1% CRA 20 GR,0,0,0,0,0,0,0
ITT00000544,TERBINAFINA 28T 250MG,0,0,0,0,0,0,0
ITT00000545,TERBINAFINA 7 T 250MG,0,0,0,0,0,0,0
ITT00000546,TERRAMICINA TROCISCOS C24 125MG,0,0,0,0,0,0,0
ITT00000547,TETRACICLINA 250MG 10T,0,0,0,0,0,0,0
ITT00000548,TIAMAZOL 5MG 20T,0,0,0,0,0,0,0
ITT00000549,TIBOLONA 2.5MG 30T,0,0,0,0,0,0,0
ITT00000550,TINIDAZOL 500MG 8T,0,0,0,0,0,0,0
ITT00000551,TOLBUTAMIDA 50T 500MG,0,0,0,0,0,0,0
ITT00000552,TOLTERODINA 2MH 14T,0,0,0,0,0,0,0
ITT00000553,TOPIRAMATO 100MG 20T,0,0,0,0,0,0,0
ITT00000554,TOPIRAMATO 25MG,0,0,0,0,0,0,0
ITT00000555,TRAMADOL 100MG 5AMP,0,0,0,0,0,0,0
ITT00000556,TRAMADOL 10T/50 MG,0,0,0,0,0,0,0
ITT00000557,TRAMADOL+PARACETAMOL+V B1+V B12 20T,0,0,0,0,0,0,0
ITT00000558,TRETINOINA 30G CREMA 0.05%,0,0,0,0,0,0,0
ITT00000559,TRIMEBUTINA 100MG/5ML SUSP,0,0,0,0,0,0,0
ITT00000560,TRIMEBUTINA SOL GTS 30 Mml,0,0,0,0,0,0,0
ITT00000561,TRIMEBUTINA200 MG C/20 TAB,0,0,0,0,0,0,0
ITT00000562,TRIMETOPRIM+SULFAMETOXAZOL 1600/800 TAB C/20,0,0,0,0,0,0,0
ITT00000563,TRIMETOPRIM+SULFAMETOXAZOL 40 MG SUSP 120ML,0,0,0,0,0,0,0
ITT00000564,TRIMETOPRIM+SULFAMETOXAZOL 80/400 TAB C/20,0,0,0,0,0,0,0
ITT00000565,VALERIANA+PASIFLORA+AVENA+MUERDAGO T40,0,0,0,0,0,0,0
ITT00000566,VALPROATO DE MAGNESIO 40T 200MG,0,0,0,0,0,0,0
ITT00000567,VALPROATO DE MAGNESIO SUSP,0,0,0,0,0,0,0
ITT00000568,VANCOMICINA 500MG SOL INY,0,0,0,0,0,0,0
ITT00000569,VERAPAMILO 80 MG/20 TAB,0,0,0,0,0,0,0
ITT00000570,VITAMINA C C20 TAB 100MG,0,0,0,0,0,0,0
ITT00000571,VITAMINA C 10T 1GR EFERVESENTE,0,0,0,0,0,0,0
ITT00000572,VITAMINA E 400 MG C90 CAPS,0,0,0,0,0,0,0
ITT00000573,VITAMINA E 600 MG C/30 CAPS,0,0,0,0,0,0,0
ITT00000574,VITAMINA P/DIABETICOS 30T,0,0,0,0,0,0,0
ITT00000575,VITAMINA+OMEGA 3 30T,0,0,0,0,0,0,0
ITT00000576,VITAMINAS A C Y D 3AMP/3ML ING,0,0,0,0,0,0,0
ITT00000577,VITAMINAS A C Y D GTS 15 ML,0,0,0,0,0,0,0
ITT00000578,VITAMINAS A C Y D GTS 30 ML,0,0,0,0,0,0,0
ITT00000579,VITAMINAS A Y D +ACEITE/TIBURON 30 T,0,0,0,0,0,0,0
ITT00000580,VITAMINAS EMBARAZO 9 MESES C30,0,0,0,0,0,0,0
ITT00000581,VITAMINAS --LECITINA DE SOYA-- 60CPS,0,0,0,0,0,0,0
ITT00000582,VITAMINAS Y MINERALES 30-30T,0,0,0,0,0,0,0
ITT00000583,VITAMINAS Y MINERALES HOMBRE 60T,0,0,0,0,0,0,0
ITT00000584,VITAMINAS Y MINERALES MUJER 30T,0,0,0,0,0,0,0
ITT00000585,"VITAMINAS, MINERALES, ANTIOXIDANTES Y OMEGA3 30CAP",0,0,0,0,0,0,0
ITT00000586,VITAMINICO GERIATRICO C30,0,0,0,0,0,0,0
ITT00000587,VITAMINICO INF JBE240ML,0,0,0,0,0,0,0
ITT00000588,VITAMINICO T MAST 90,0,0,0,0,0,0,0
ITT00000589,VITAMINICO+ISOFLAVONAS/SOYA C/30,0,0,0,0,0,0,0
ITT00000590,VITIS VINIFERA (UVA) 60C,0,0,0,0,0,0,0
ITT00000591,YODOPOVIDONA 120ML,0,0,0,0,0,0,0
